<?xml version="1.0" encoding="UTF-8"?>
<es:esCancelarNfseEnvio xmlns:es="http://www.equiplano.com.br/esnfs"
	xmlns:xsi="http://www.w3.org/2001/XMLSchema-instance"
	xsi:schemaLocation="http://www.equiplano.com.br/enfs esCancelarNfseEnvio_v01.xsd">
	<prestador>
		<nrInscricaoMunicipal>1234</nrInscricaoMunicipal>
		<cnpj>12345678901234</cnpj>
		<idEntidade>136</idEntidade>
	</prestador>
	<nrNfse>1</nrNfse>
	<dsMotivoCancelamento>Cancelamento</dsMotivoCancelamento>
	
	<!-- Assinatura -->
	
 </es:esCancelarNfseEnvio>
