<?xml version="1.0" encoding="UTF-8"?>
<es:esConsultarNfseEnvio xmlns:es="http://www.equiplano.com.br/esnfs"
	xmlns:xsi="http://www.w3.org/2001/XMLSchema-instance"
	xsi:schemaLocation="http://www.equiplano.com.br/enfs esConsultarNfseEnvio_v01.xsd">
	<prestador>
		<nrInscricaoMunicipal>1234</nrInscricaoMunicipal>
		<cnpj>12345678901234</cnpj>
		<idEntidade>136</idEntidade>
	</prestador>
	<periodoEmissao>
		<dtInicial>2010-01-01T00:00:00</dtInicial>
		<dtFinal>2010-01-31T23:59:59</dtFinal>
	</periodoEmissao>
	
	<!-- Assinatura -->
	
 </es:esConsultarNfseEnvio>
